idCategoria,nombre
1,Ofella
2,Nathanil
3,Kalina
4,Broddie
5,Lennie
6,Aubry
7,Rob
8,Mellisa
9,Elayne
10,Theodosia
11,Dacy
12,Marlyn
13,Kassandra
14,Tiertza
15,Worthington
16,Bonita
17,Jennica
18,Gardner
19,Francklyn
20,Liuka
21,Clemmy
22,Cody
23,Dilan
24,Jilly
25,Cash
26,Marcello
27,Mavra
28,Carrissa
29,Langsdon
30,Irvine
31,Tildi
32,Hermina
33,Bethena
34,Lizette
35,Mela
36,Valeria
37,Thaxter
38,Griffie
39,Lissi
40,Sharla
41,Ailsun
42,Nina
43,Guthry
44,Letta
45,Katie
46,Tadio
47,Dorette
48,Mel
49,Otho
50,Earl
51,Yasmeen
52,Nappie
53,Chas
54,Bevvy
55,Cara
56,Bryn
57,Don
58,Conny
59,Dexter
60,Gloriane
61,Lucais
62,Aryn
63,Farris
64,Dyann
65,Aleksandr
66,Sunny
67,Marleah
68,Abeu
69,Nevin
70,Nisse
71,Winonah
72,Dorine
73,Mahalia
74,Ariana
75,Way
76,Darlleen
77,Drucill
78,Kilian
79,Wyatan
80,Mellisent
81,Howard
82,Mal
83,Cybil
84,Alysia
85,Christoffer
86,Eolande
87,Zacharia
88,Milzie
89,Ronnica
90,Lanny
91,Edward
92,Sydney
93,Bebe
94,Elmer
95,Marie
96,Dannel
97,Constantino
98,Chris
99,Emelen
100,Alano
