idTipo,nombre
1,Kimbra
2,Tabbatha
3,Murial
4,Alvy
5,Elizabet
6,Dougy
7,Arthur
8,Gaspar
9,Trudy
10,Barron
11,Tyson
12,Gayelord
13,Melantha
14,Zed
15,Karylin
16,Glendon
17,Debi
18,Tobye
19,Foster
20,Cate
21,Claudio
22,Lorrayne
23,Ferdy
24,Lydon
25,Kylila
26,Vlad
27,Philis
28,Artemas
29,Tommie
30,Monique
31,Esme
32,Carmine
33,Griffie
34,Rene
35,Gerald
36,Modesta
37,Candi
38,Aile
39,Malinda
40,Cindi
41,Cris
42,Hilario
43,Haleigh
44,Christye
45,Kendell
46,Bea
47,Kyrstin
48,Randene
49,Marcile
50,Laurent
51,Celestyn
52,Regan
53,Kinsley
54,Alvy
55,Suzette
56,Ermanno
57,Veronike
58,Phillida
59,Renelle
60,Aurelia
61,Delly
62,Sterne
63,Saunders
64,Bernardina
65,Gwenneth
66,Benoite
67,Selestina
68,Aymer
69,Cletis
70,Jakob
71,Elliot
72,Sollie
73,Rolfe
74,Erhard
75,Gabbie
76,Fayina
77,Codee
78,Terencio
79,Pooh
80,Teressa
81,Kelley
82,Chickie
83,Nollie
84,Cam
85,Dud
86,Milt
87,Link
88,Clemmie
89,Angel
90,Dyann
91,Lambert
92,Xylina
93,Siegfried
94,Janel
95,Roberto
96,Romonda
97,Madelon
98,Persis
99,Elaina
100,Brandtr
