idUsuario,nombre,apellido,usuario,contrasena,edad
1,Callean,Bernardez,cbernardez0,du9ltO,46
2,Danica,Flahive,dflahive1,lKMJtV03sF7f,15
3,Lyndsey,Bony,lbony2,NolT1amV,29
4,Tiebout,Ramiro,tramiro3,cjDz21UUhN0,31
5,Leonie,Mates,lmates4,EhvCZ2VMCZ,13
6,Tristan,Townrow,ttownrow5,vD0YJL,64
7,Ian,Flude,iflude6,1u216E,59
8,Michelina,Drewett,mdrewett7,qorcOGsi,91
9,Lorelle,Paquet,lpaquet8,WcrmgBKSM1a,60
10,Cecilla,Testro,ctestro9,Df37a6b,50
11,Tatiana,Medendorp,tmedendorpa,ToQIMgkmUU,93
12,Fields,Bagnell,fbagnellb,TXFkObw1mjA,48
13,Larisa,Aggott,laggottc,tQLewo,82
14,Edmon,Tulloch,etullochd,v8euOfisl,13
15,Vernen,Collyear,vcollyeare,ZQpMRGkBSZUZ,27
16,Nobie,Del Monte,ndelmontef,hGaXIYBsB,96
17,Brice,Bagg,bbaggg,cF3nri3N,71
18,Bathsheba,Sisse,bsisseh,jP8HR1A,95
19,Brad,Schrir,bschriri,lcz28L6ur,0
20,Salomone,Leppo,sleppoj,0GU8NES,9
21,Noellyn,Heeps,nheepsk,nNXuPLT7STW,22
22,Cynthy,Halloran,challoranl,beZLSP6yNy,11
23,Antony,Stallworth,astallworthm,400fJ5Mj,98
24,Karly,Lintot,klintotn,BslNZGIuzMZ,88
25,Jeth,Dooly,jdoolyo,fc7pV22TZ,93
26,Jeanelle,Dibdall,jdibdallp,Rvq5q0C,13
27,Rorke,Wilshaw,rwilshawq,zQY99Z7Q905,48
28,Ashby,Summerside,asummersider,DbWxUdQclb3X,88
29,Anthiathia,Jeckell,ajeckells,fWZBUfnD,74
30,Skell,Tildesley,stildesleyt,f5p5iJoFzn8,51
31,Alaster,Stud,astudu,so3kVweNY6,52
32,Darice,Goady,dgoadyv,2Af9r5bmi,62
33,Emmalee,Cluely,ecluelyw,D1sY6Apbx,34
34,Toby,Tucknott,ttucknottx,Oee58b,95
35,Claudell,Gisborne,cgisborney,gEU0Kf6qv,77
36,Arthur,Chard,achardz,4qCYozrB,34
37,Loy,Yakovitch,lyakovitch10,9882fHm6,45
38,Llywellyn,Dugan,ldugan11,yF6vsPqYY,4
39,Hertha,Buddell,hbuddell12,VvLoizcXX,71
40,Rheba,Vennings,rvennings13,3NLlRZj,45
41,Vernon,Burbury,vburbury14,0o2DQZwCs,19
42,Frazer,Brumen,fbrumen15,eGfqzETwD91,24
43,Margit,Zaczek,mzaczek16,GH3yac,64
44,Rayna,Paaso,rpaaso17,C9RGjY,91
45,Nanine,Heatly,nheatly18,cpmfTG,88
46,Kalil,Daventry,kdaventry19,McZl5JiF7E,26
47,Elvina,Guerrazzi,eguerrazzi1a,zftBjrI,7
48,Mag,Labrenz,mlabrenz1b,tKRiAlPQ6,22
49,Lawton,Komorowski,lkomorowski1c,urqbhPXbTD,44
50,Winny,Drakeford,wdrakeford1d,nFOpu642B,97
51,Henry,Cucinotta,hcucinotta1e,bJjUq4,89
52,Marta,Ravelus,mravelus1f,HTshxc,60
53,Rosaline,Morrissey,rmorrissey1g,szaP8J7sY4n,76
54,Sheffy,Plewman,splewman1h,pDv9yn,60
55,Mehetabel,McIlraith,mmcilraith1i,iqpeqL,75
56,Nissa,Boullin,nboullin1j,2CLfsJGFYTKH,24
57,Ardelle,Gillet,agillet1k,maTKb1z24hk8,13
58,Amabel,Bedberry,abedberry1l,3iPG0L,80
59,Sarene,Brien,sbrien1m,FEmnW6c,59
60,Lou,Laurenzi,llaurenzi1n,zTF8dfgfZA,27
61,Babara,Gross,bgross1o,eIZ51KefT5p,61
62,Thurston,Craney,tcraney1p,GOvcx7,13
63,Arleyne,Stimpson,astimpson1q,w4KmP0oNXsL,51
64,Helena,Rao,hrao1r,PJFkyhzF,66
65,Danny,Woodland,dwoodland1s,u2jTgjWgRZ,1
66,Glyn,Cluelow,gcluelow1t,hwnu0PGD9o3,70
67,Donna,Varrow,dvarrow1u,CcBM40W,39
68,Joel,Screase,jscrease1v,Qt0htvCcmMvQ,90
69,Annadiana,Angelini,aangelini1w,5QsPu4AF,13
70,Eliza,Camblin,ecamblin1x,xpa1gakF1hNf,88
71,Eamon,Fandrey,efandrey1y,xFXhvrmOF,35
72,Gabbie,Wardley,gwardley1z,1liuiYaz,89
73,Jonah,O'Currigan,jocurrigan20,oyImRX00pu,1
74,Shurlocke,Kiffe,skiffe21,q8pvg2VdoWOx,40
75,Niel,Normand,nnormand22,bjHbfb,0
76,Chicky,Mingus,cmingus23,NbBVpM4,81
77,Harlen,Darkott,hdarkott24,HLG5CxH,40
78,Shawn,Cathel,scathel25,mNqyxyw1,5
79,Adam,Friedman,afriedman26,c0p5gNv3i8,93
80,Jeri,Jeffcoate,jjeffcoate27,B0cCy38qt,73
81,Piper,Ghilardini,pghilardini28,xcPwHZefO,74
82,Yves,McOrkil,ymcorkil29,QzYWOhum1JZI,2
83,Angelita,Harrigan,aharrigan2a,sYVI9iofJ,96
84,Prudy,Fulmen,pfulmen2b,tHHm3Bxzw,7
85,Consolata,Myrkus,cmyrkus2c,WqEDmekk1,13
86,Kelsey,Constantinou,kconstantinou2d,HalvkdqOfI,6
87,Slade,Fulstow,sfulstow2e,Uvt2kyir,83
88,Lesley,Hamon,lhamon2f,dIxiWjub5qJ,88
89,Cathrine,Tapenden,ctapenden2g,SQQ8KN0nBm,85
90,Jody,Binestead,jbinestead2h,obX7y8,52
91,Margalo,Paolillo,mpaolillo2i,Vv5SMwC2x,66
92,Edvard,Bum,ebum2j,WBvEZbzr,91
93,Burtie,Simkins,bsimkins2k,LZykmmqs,52
94,Shanna,Pummell,spummell2l,K4ahc7,75
95,Livvie,Wanek,lwanek2m,mfqzVG0IdMm,49
96,Crista,Cicconetti,ccicconetti2n,nuVMzURmny4G,14
97,Robinette,Loughhead,rloughhead2o,iyJRCsTb,79
98,Geralda,Ridde,gridde2p,vDYOmQc,6
99,Garold,Bawdon,gbawdon2q,xTCXTO1QSg,90
100,Iggie,Handrick,ihandrick2r,UJxjH5RwRut,43
